<?xml version="1.0" encoding="UTF-8"?>
<project-private xmlns="http://www.netbeans.org/ns/project-private/1">
    <editor-bookmarks xmlns="http://www.netbeans.org/ns/editor-bookmarks/2" lastBookmarkId="0"/>
    <open-files xmlns="http://www.netbeans.org/ns/projectui-open-files/2">
        <group>
            <file>file:/C:/Users/Usuario/OneDrive%20-%20Escuela%20Politécnica%20Nacional/Escritorio/ProyectoDise-o/Snake/src/Snake/Snake.java</file>
            <file>file:/C:/Users/Usuario/OneDrive%20-%20Escuela%20Politécnica%20Nacional/Escritorio/ProyectoDise-o/Snake/src/Snake/Crash.java</file>
            <file>file:/C:/Users/Usuario/OneDrive%20-%20Escuela%20Politécnica%20Nacional/Escritorio/ProyectoDise-o/Snake/src/Snake/Game.java</file>
            <file>file:/C:/Users/Usuario/OneDrive%20-%20Escuela%20Politécnica%20Nacional/Escritorio/ProyectoDise-o/Snake/src/Snake/Board.java</file>
            <file>file:/C:/Users/Usuario/OneDrive%20-%20Escuela%20Politécnica%20Nacional/Escritorio/ProyectoDise-o/Snake/src/Snake/Pointer.java</file>
        </group>
    </open-files>
</project-private>
